code,system
L096400,readv2
G401100,readv2
G401.00,readv2
ZV12900,readv2
G4...11,readv2
G411.00,readv2
7Q01200,readv2
7Q01000,readv2
G41y000,readv2
G410.00,readv2
G41y100,readv2
7Q01100,readv2
7Q01300,readv2
L431.00,readv2
L43yz00,readv2
L43zz00,readv2
L432.00,readv2
L43z.00,readv2
L43z400,readv2
L43..00,readv2
L430.00,readv2
L431100,readv2
L43z100,readv2
G40z.00,readv2
G40..00,readv2
G41z.11,readv2
Gyu4.00,readv2
G400.00,readv2
SB16.00,readv2
G42..11,readv2
Gyu4100,readv2
P737.11,readv2
G401000,readv2
7A0B000,readv2
G4z..00,readv2
P736.12,readv2
G42..00,readv2
G42z.00,readv2
G41yz00,readv2
G41z.00,readv2
G41y.00,readv2
G41..00,readv2
7A6Ky00,readv2
L43z000,readv2
G42yz00,readv2
G4y..00,readv2
G42y.00,readv2
H54..00,readv2
H541.00,readv2
G4...00,readv2